date,name,source
2026-01-01,New Year's Day,https://www.legislation.gov.au/C2015Q00125/2016-07-01/2016-07-01/text/original/epub/OEBPS/document_1/document_1.html
2026-01-26,Australia Day,https://www.legislation.gov.au/C2015Q00125/2016-07-01/2016-07-01/text/original/epub/OEBPS/document_1/document_1.html
2026-03-06,Foundation Day,https://www.legislation.gov.au/C2015Q00125/2016-07-01/2016-07-01/text/original/epub/OEBPS/document_1/document_1.html
2026-04-03,Good Friday,https://www.legislation.gov.au/C2015Q00125/2016-07-01/2016-07-01/text/original/epub/OEBPS/document_1/document_1.html
2026-04-06,Easter Monday,https://www.legislation.gov.au/C2015Q00125/2016-07-01/2016-07-01/text/original/epub/OEBPS/document_1/document_1.html
2026-04-25,ANZAC Day,https://www.legislation.gov.au/C2015Q00125/2016-07-01/2016-07-01/text/original/epub/OEBPS/document_1/document_1.html
2026-06-08,Anniversary (Bounty) Day,https://www.legislation.gov.au/C2015Q00125/2016-07-01/2016-07-01/text/original/epub/OEBPS/document_1/document_1.html
2026-06-15,King's Birthday,https://www.norfolkonlinenews.com/article/kings-birthday-weekend-2026
2026-10-12,Show Day,UNVERIFIED
2026-11-25,Thanksgiving Day,https://www.legislation.gov.au/C2015Q00125/2016-07-01/2016-07-01/text/original/epub/OEBPS/document_1/document_1.html
2026-12-25,Christmas Day,https://www.legislation.gov.au/C2015Q00125/2016-07-01/2016-07-01/text/original/epub/OEBPS/document_1/document_1.html
2026-12-26,Boxing Day,https://www.legislation.gov.au/C2015Q00125/2016-07-01/2016-07-01/text/original/epub/OEBPS/document_1/document_1.html
2026-12-28,Boxing Day (observed),UNVERIFIED
2027-01-01,New Year's Day,https://www.legislation.gov.au/C2015Q00125/2016-07-01/2016-07-01/text/original/epub/OEBPS/document_1/document_1.html
2027-01-26,Australia Day,https://www.legislation.gov.au/C2015Q00125/2016-07-01/2016-07-01/text/original/epub/OEBPS/document_1/document_1.html
2027-03-06,Foundation Day,https://www.legislation.gov.au/C2015Q00125/2016-07-01/2016-07-01/text/original/epub/OEBPS/document_1/document_1.html
2027-03-26,Good Friday,https://www.legislation.gov.au/C2015Q00125/2016-07-01/2016-07-01/text/original/epub/OEBPS/document_1/document_1.html
2027-03-29,Easter Monday,https://www.legislation.gov.au/C2015Q00125/2016-07-01/2016-07-01/text/original/epub/OEBPS/document_1/document_1.html
2027-04-25,ANZAC Day,https://www.legislation.gov.au/C2015Q00125/2016-07-01/2016-07-01/text/original/epub/OEBPS/document_1/document_1.html
2027-06-08,Anniversary (Bounty) Day,https://www.legislation.gov.au/C2015Q00125/2016-07-01/2016-07-01/text/original/epub/OEBPS/document_1/document_1.html
2027-06-14,King's Birthday,UNVERIFIED
2027-10-11,Show Day,UNVERIFIED
2027-11-24,Thanksgiving Day,https://www.legislation.gov.au/C2015Q00125/2016-07-01/2016-07-01/text/original/epub/OEBPS/document_1/document_1.html
2027-12-25,Christmas Day,https://www.legislation.gov.au/C2015Q00125/2016-07-01/2016-07-01/text/original/epub/OEBPS/document_1/document_1.html
2027-12-26,Boxing Day,https://www.legislation.gov.au/C2015Q00125/2016-07-01/2016-07-01/text/original/epub/OEBPS/document_1/document_1.html
2027-12-27,Christmas Day (observed),UNVERIFIED
2027-12-28,Boxing Day (observed),UNVERIFIED
